float_1;float_2;real;double
999.00009;999.0000;999.00009;9999999999
1234567891;345.6789;12345.6789;1
