float_1;float_2;real;double
999.00009;999.00009;999.00009;9999999999
999.00009;999.00009;999.00009;9999999999
