tinyint;smallint;integer;bigint;float_1;float_2;real;numeric;decimal_1;decimal_2;double
127;32767;2147483647;9223372036854775807;999.00009;999.00009;999.00009;3276732767;32767.99;999.99;9999999999
127;32767;2147483647;9223372036854775807;999.00009;999.00009;999.00009;3276732767;32767.99;999.99;9999999999
